"Epic","Feature","Story","FAILED","BROKEN","PASSED","SKIPPED","UNKNOWN"
"","Sign in Test Suite","","0","4","8","0","0"
"","Sign Up Test Suite","","0","8","2","0","0"
"","UpLoadVideo Test Suite","","0","2","2","0","0"
"","Add Match","","0","8","2","0","0"
"","DownloadVideo Test Suite","","0","4","0","0","0"
"","Add Video","","0","13","0","0","0"
"","Delete Match Test Suite","","0","6","0","0","0"
"","DeleteVideo Test Suite","","0","6","0","0","0"
"","Sign In Test Suite","","0","2","0","0","0"
"","Search Match","","0","2","0","0","0"
